Workbook
Name Initialen: #REF!

Sheet Issues
A1: Issues
A2: Versie 20231215
A3: Vul het issuelog in. Ben scherp op oorzaak en gevolg. Per issue kunnen verschillende maatregelen genomen worden (met diverse actiehouders). Een issue kent één eigenaar die voor beslechting van het issue zorgt.
A5: Datum | B5: 45260 | C5: (datum laatste bewerking)
A7: № | B7: Datum | C7: Omschrijving issue | D7: Maatregelen | E7: Eigenaar | F7: Status | G7: Aantal | J7: Weken | K7: Maanden
A8: 1
A9: =A8+1 -> 2 | B9: 45201 | C9: Vanwege oorzaak xyz, treedt nu gevolg abc op en dat is onwenselijk want | D9: 1. maatregel… 2. maatregel… | E9: naam van een persoon | F9: Loopt | G9: =B$5-B9 -> 59 | J9: =ROUNDUP(G9/7,0) -> 9 | K9: =ROUNDUP(G9/30,0) -> 2
A10: =A9+1 -> 3 | B10: 45232 | C10: <…> | D10: <…> | E10: <…> | F10: Open | G10: =B$5-B10 -> 28 | J10: =ROUNDUP(G10/7,0) -> 4 | K10: =ROUNDUP(G10/30,0) -> 1
A11: =A10+1 -> 4 | B11: 45239 | C11: <…> | D11: <…> | E11: <…> | F11: Open | G11: =B$5-B11 -> 21 | J11: =ROUNDUP(G11/7,0) -> 3 | K11: =ROUNDUP(G11/30,0) -> 1
A12: =A11+1 -> 5 | B12: 45245 | C12: <…> | D12: <…> | E12: <…> | F12: Open | G12: =B$5-B12 -> 15 | J12: =ROUNDUP(G12/7,0) -> 3 | K12: =ROUNDUP(G12/30,0) -> 1
A13: =A12+1 -> 6 | J13: =ROUNDUP(G13/7,0) -> 0 | K13: =ROUNDUP(G13/30,0) -> 0
A14: =A13+1 -> 7 | J14: =ROUNDUP(G14/7,0) -> 0 | K14: =ROUNDUP(G14/30,0) -> 0
A15: =A14+1 -> 8
A16: =A15+1 -> 9
A17: =A16+1 -> 10
A18: =A17+1 -> 11
A19: =A18+1 -> 12
A20: =A19+1 -> 13
A21: =A20+1 -> 14
A22: =A21+1 -> 15
A23: =A22+1 -> 16
A24: =A23+1 -> 17
A25: =A24+1 -> 18
A26: =A25+1 -> 19
... A30: =A29+1 -> 23

Sheet Afbeelding
A1: Afbeeldingen
A2: Afbeeldingen op basis van de issuelijst. Als de gegevens op het vorige tabblad worden gewijzigd, wijzigen de afbeeldingen automatisch mee.
A3: Door twee grafieken naast elkaar te plaatsen (deze rapportageperiode, vorige rapportageperiode) is in één oogopslag te zien, hoe het wegwerken van issues
A4: zich ontwikkelt. Als de periode van dagen te kort is voor de aard van het programma, kan ook voor weken worden gekozen.
A6: Aantallen | E6: Dagen niet gereed
A7: Open | B7: =COUNTIF(Issues!$F$8:$F$27,Afbeelding!A7) -> 3 | C7: =B7/B$10 -> 0.75 | E7: < 10 | F7: =COUNTIF(Issues!$G$8:$G$24,E7) -> 0 | G7: =F7/$F$12 -> 0
A8: Loopt | B8: =COUNTIF(Issues!$F$8:$F$27,Afbeelding!A8) -> 1 | C8: =B8/B$10 -> 0.25 | E8: < 20 | F8: =COUNTIF(Issues!$G$8:$G$24,E8)-F7 -> 1 | G8: =F8/$F$12 -> 0.25
A9: Gereed | B9: =COUNTIF(Issues!$F$8:$F$27,Afbeelding!A9) -> 0 | C9: =B9/B$10 -> 0 | E9: < 40 | F9: =COUNTIF(Issues!$G$8:$G$24,E9)-F8-F7 -> 2 | G9: =F9/$F$12 -> 0.5
A10: Totaal | B10: =B7+B8+B9 -> 4 | C10: =C7+C8+C9 -> 1 | E10: < 80 | F10: =COUNTIF(Issues!$G$8:$G$24,E10)-F9-F8-F7 -> 1 | G10: =F10/$F$12 -> 0.25
E11: > 80 | F11: =COUNTIF(Issues!$G$8:$G$24,E11) -> 0 | G11: =F11/$F$12 -> 0
E12: Totaal | F12: =SUM(F7:F11) -> 4 | G12: =SUM(G7:G11) -> 1
E14: Gemiddelde dagen | G14: =AVERAGE(Issues!G8:G24) -> 30.75
E15: Gemiddelde dagen | G15: =ROUNDUP(AVERAGE(Issues!G8:G24),0) -> 31
E16: Gemiddelde weken | G16: =ROUNDUP(G14/7,0) -> 5
E17: Gemiddelde maanden | G17: =ROUNDUP(G14/30,0) -> 2
